,Season,Age,Tm,Lg,Pos,G,GS,MP,FG,FGA,FG%,3P,3PA,3P%,2P,2PA,2P%,eFG%,FT,FTA,FT%,ORB,DRB,TRB,AST,STL,BLK,TOV,PF,PTS
0,2019-20,24.0,BOS,NBA,C,7.0,0.0,4.7,1.6,2.0,0.7859999999999999,0.0,0.0,,1.6,2.0,0.7859999999999999,0.7859999999999999,0.1,0.4,0.33299999999999996,0.1,2.0,2.1,0.1,0.1,0.6,0.4,1.0,3.3
1,2020-21,25.0,BOS,NBA,C,19.0,0.0,7.2,1.1,1.5,0.7240000000000001,0.0,0.0,,1.1,1.5,0.7240000000000001,0.7240000000000001,0.3,0.8,0.33299999999999996,0.8,1.9,2.7,0.2,0.1,1.1,0.3,1.2,2.5
2,2021-22,26.0,CLE,NBA,C,11.0,1.0,5.4,0.5,1.1,0.41700000000000004,0.0,0.0,,0.5,1.1,0.41700000000000004,0.41700000000000004,0.2,0.6,0.28600000000000003,0.6,1.5,2.1,0.2,0.0,0.5,0.3,0.3,1.1
3,Career,,,NBA,,37.0,1.0,6.2,1.0,1.5,0.6729999999999999,0.0,0.0,,1.0,1.5,0.6729999999999999,0.6729999999999999,0.2,0.7,0.32,0.6,1.8,2.4,0.2,0.1,0.8,0.3,0.9,2.2
4,,,,,,,,,,,,,,,,,,,,,,,,,,,,,,
5,2 seasons,,BOS,NBA,,26.0,0.0,6.5,1.2,1.7,0.7440000000000001,0.0,0.0,,1.2,1.7,0.7440000000000001,0.7440000000000001,0.2,0.7,0.33299999999999996,0.7,1.9,2.6,0.2,0.1,0.9,0.3,1.1,2.7
6,1 season,,CLE,NBA,,11.0,1.0,5.4,0.5,1.1,0.41700000000000004,0.0,0.0,,0.5,1.1,0.41700000000000004,0.41700000000000004,0.2,0.6,0.28600000000000003,0.6,1.5,2.1,0.2,0.0,0.5,0.3,0.3,1.1
