,Season,Age,Tm,Lg,Pos,G,GS,MP,FG,FGA,FG%,FT,FTA,FT%,TRB,AST,PF,PTS
0,1955-56,24.0,FTW,NBA,SG,69.0,,22.2,2.9,7.8,0.37,2.1,2.8,0.76,2.5,2.0,1.7,7.9
1,1956-57,25.0,FTW,NBA,SG,71.0,,17.5,2.7,7.1,0.37799999999999995,1.4,2.0,0.6779999999999999,2.1,2.0,1.6,6.7
2,1957-58,26.0,MNL,NBA,SG,70.0,,17.8,2.4,7.0,0.348,1.9,2.5,0.773,1.9,2.4,1.5,6.8
3,Career,,,NBA,,210.0,,19.2,2.7,7.3,0.366,1.8,2.4,0.742,2.1,2.1,1.6,7.1
4,,,,,,,,,,,,,,,,,,
5,2 seasons,,FTW,NBA,,140.0,,19.8,2.8,7.5,0.374,1.7,2.4,0.725,2.3,2.0,1.7,7.3
6,1 season,,MNL,NBA,,70.0,,17.8,2.4,7.0,0.348,1.9,2.5,0.773,1.9,2.4,1.5,6.8
