,Season,Age,Tm,Lg,Pos,G,GS,MP,FG,FGA,FG%,3P,3PA,3P%,2P,2PA,2P%,eFG%,FT,FTA,FT%,ORB,DRB,TRB,AST,STL,BLK,TOV,PF,PTS
0,1982-83,26.0,WSB,NBA,C,54.0,5.0,10.3,1.6,3.5,0.445,0.0,0.1,0.0,1.6,3.5,0.452,0.445,0.1,0.3,0.47100000000000003,0.8,1.4,2.2,0.5,0.3,0.2,0.5,1.0,3.3
1,1983-84,27.0,SAS,NBA,C,4.0,0.0,7.8,1.3,2.5,0.5,0.0,0.0,,1.3,2.5,0.5,0.5,0.0,0.0,,0.3,0.8,1.0,0.8,0.0,0.8,1.0,1.3,2.5
2,Career,,,NBA,,58.0,5.0,10.2,1.6,3.5,0.44799999999999995,0.0,0.1,0.0,1.6,3.4,0.455,0.44799999999999995,0.1,0.3,0.47100000000000003,0.8,1.3,2.1,0.6,0.3,0.3,0.6,1.1,3.2
3,,,,,,,,,,,,,,,,,,,,,,,,,,,,,,
4,1 season,,WSB,NBA,,54.0,5.0,10.3,1.6,3.5,0.445,0.0,0.1,0.0,1.6,3.5,0.452,0.445,0.1,0.3,0.47100000000000003,0.8,1.4,2.2,0.5,0.3,0.2,0.5,1.0,3.3
5,1 season,,SAS,NBA,,4.0,0.0,7.8,1.3,2.5,0.5,0.0,0.0,,1.3,2.5,0.5,0.5,0.0,0.0,,0.3,0.8,1.0,0.8,0.0,0.8,1.0,1.3,2.5
